INSERT INTO public.decoration (id, coating_type, coating_color, exterior_finish, interior_finish, decorative_threshold) VALUES (1, 'порошковая краска', 'чёрный', 'порошковая краска', 'порошковая краска', true);
INSERT INTO public.decoration (id, coating_type, coating_color, exterior_finish, interior_finish, decorative_threshold) VALUES (2, 'порошковая краска', 'чёрный', 'порошковая краска', 'порошковая краска', true);
INSERT INTO public.decoration (id, coating_type, coating_color, exterior_finish, interior_finish, decorative_threshold) VALUES (3, 'порошковая краска', 'чёрный', 'порошковая краска', 'порошковая краска', true);
INSERT INTO public.decoration (id, coating_type, coating_color, exterior_finish, interior_finish, decorative_threshold) VALUES (4, 'порошковая краска', 'чёрный', 'порошковая краска', 'порошковая краска', true);
INSERT INTO public.decoration (id, coating_type, coating_color, exterior_finish, interior_finish, decorative_threshold) VALUES (5, 'порошковая краска', 'чёрный', 'порошковая краска', 'порошковая краска', true);
INSERT INTO public.decoration (id, coating_type, coating_color, exterior_finish, interior_finish, decorative_threshold) VALUES (6, 'порошковая краска', 'чёрный', 'порошковая краска', 'порошковая краска', true);
INSERT INTO public.decoration (id, coating_type, coating_color, exterior_finish, interior_finish, decorative_threshold) VALUES (7, 'порошковая краска', 'чёрный', 'порошковая краска', 'порошковая краска', true);
INSERT INTO public.decoration (id, coating_type, coating_color, exterior_finish, interior_finish, decorative_threshold) VALUES (8, 'порошковая краска', 'чёрный', 'порошковая краска', 'порошковая краска', true);
INSERT INTO public.decoration (id, coating_type, coating_color, exterior_finish, interior_finish, decorative_threshold) VALUES (9, 'порошковая краска', 'чёрный', 'порошковая краска', 'порошковая краска', true);
INSERT INTO public.decoration (id, coating_type, coating_color, exterior_finish, interior_finish, decorative_threshold) VALUES (10, 'порошковая краска', 'чёрный', 'порошковая краска', 'порошковая краска', true);
INSERT INTO public.decoration (id, coating_type, coating_color, exterior_finish, interior_finish, decorative_threshold) VALUES (11, 'порошковая краска', 'чёрный', 'порошковая краска', 'порошковая краска', true);
INSERT INTO public.decoration (id, coating_type, coating_color, exterior_finish, interior_finish, decorative_threshold) VALUES (12, 'порошковая краска', 'чёрный', 'порошковая краска', 'порошковая краска', true);
INSERT INTO public.decoration (id, coating_type, coating_color, exterior_finish, interior_finish, decorative_threshold) VALUES (13, 'порошковая краска', 'чёрный', 'порошковая краска', 'порошковая краска', true);
INSERT INTO public.decoration (id, coating_type, coating_color, exterior_finish, interior_finish, decorative_threshold) VALUES (14, 'порошковая краска', 'чёрный', 'порошковая краска', 'порошковая краска', true);

INSERT INTO public.furniture (id, furniture_color, handle_type, closer, doorstep, hinge_decoration) VALUES (1, 'чёрный', 'рычаг', false, true, false);
INSERT INTO public.furniture (id, furniture_color, handle_type, closer, doorstep, hinge_decoration) VALUES (2, 'чёрный', 'рычаг', false, true, false);
INSERT INTO public.furniture (id, furniture_color, handle_type, closer, doorstep, hinge_decoration) VALUES (3, 'чёрный', 'рычаг', false, true, false);
INSERT INTO public.furniture (id, furniture_color, handle_type, closer, doorstep, hinge_decoration) VALUES (4, 'чёрный', 'рычаг', false, true, false);
INSERT INTO public.furniture (id, furniture_color, handle_type, closer, doorstep, hinge_decoration) VALUES (5, 'чёрный', 'рычаг', false, true, false);
INSERT INTO public.furniture (id, furniture_color, handle_type, closer, doorstep, hinge_decoration) VALUES (6, 'чёрный', 'рычаг', false, true, false);
INSERT INTO public.furniture (id, furniture_color, handle_type, closer, doorstep, hinge_decoration) VALUES (7, 'чёрный', 'рычаг', false, true, false);
INSERT INTO public.furniture (id, furniture_color, handle_type, closer, doorstep, hinge_decoration) VALUES (8, 'чёрный', 'рычаг', false, true, false);
INSERT INTO public.furniture (id, furniture_color, handle_type, closer, doorstep, hinge_decoration) VALUES (9, 'чёрный', 'рычаг', false, true, false);
INSERT INTO public.furniture (id, furniture_color, handle_type, closer, doorstep, hinge_decoration) VALUES (10, 'чёрный', 'рычаг', false, true, false);
INSERT INTO public.furniture (id, furniture_color, handle_type, closer, doorstep, hinge_decoration) VALUES (11, 'чёрный', 'рычаг', false, true, false);
INSERT INTO public.furniture (id, furniture_color, handle_type, closer, doorstep, hinge_decoration) VALUES (12, 'чёрный', 'рычаг', false, true, false);
INSERT INTO public.furniture (id, furniture_color, handle_type, closer, doorstep, hinge_decoration) VALUES (13, 'чёрный', 'рычаг', false, true, false);
INSERT INTO public.furniture (id, furniture_color, handle_type, closer, doorstep, hinge_decoration) VALUES (14, 'чёрный', 'рычаг', false, true, false);

INSERT INTO public.general_characteristics (id, creator, product_name, open_side, door_width, door_direction, door_box_type, sound_insulation, individual_width_range, individual_height_range, door_weight_min) VALUES (1, 'IKEA', 'Взрывная дверь', 'правая', 44, 'внутрь', 'нормальный', '20dB', 'от 1000мм до 1500мм', 'от 2000мм до 2500мм', 'от 90кг');
INSERT INTO public.general_characteristics (id, creator, product_name, open_side, door_width, door_direction, door_box_type, sound_insulation, individual_width_range, individual_height_range, door_weight_min) VALUES (2, 'IKEA', 'Взрывная дверь', 'правая', 44, 'внутрь', 'нормальный', '20dB', 'от 1000мм до 1500мм', 'от 2000мм до 2500мм', 'от 90кг');
INSERT INTO public.general_characteristics (id, creator, product_name, open_side, door_width, door_direction, door_box_type, sound_insulation, individual_width_range, individual_height_range, door_weight_min) VALUES (3, 'IKEA', 'Взрывная дверь', 'правая', 44, 'внутрь', 'нормальный', '20dB', 'от 1000мм до 1500мм', 'от 2000мм до 2500мм', 'от 90кг');
INSERT INTO public.general_characteristics (id, creator, product_name, open_side, door_width, door_direction, door_box_type, sound_insulation, individual_width_range, individual_height_range, door_weight_min) VALUES (4, 'IKEA', 'Взрывная дверь', 'правая', 44, 'внутрь', 'нормальный', '20dB', 'от 1000мм до 1500мм', 'от 2000мм до 2500мм', 'от 90кг');
INSERT INTO public.general_characteristics (id, creator, product_name, open_side, door_width, door_direction, door_box_type, sound_insulation, individual_width_range, individual_height_range, door_weight_min) VALUES (5, 'IKEA', 'Взрывная дверь', 'правая', 44, 'внутрь', 'нормальный', '20dB', 'от 1000мм до 1500мм', 'от 2000мм до 2500мм', 'от 90кг');
INSERT INTO public.general_characteristics (id, creator, product_name, open_side, door_width, door_direction, door_box_type, sound_insulation, individual_width_range, individual_height_range, door_weight_min) VALUES (6, 'IKEA', 'Взрывная дверь', 'правая', 44, 'внутрь', 'нормальный', '20dB', 'от 1000мм до 1500мм', 'от 2000мм до 2500мм', 'от 90кг');
INSERT INTO public.general_characteristics (id, creator, product_name, open_side, door_width, door_direction, door_box_type, sound_insulation, individual_width_range, individual_height_range, door_weight_min) VALUES (7, 'IKEA', 'Взрывная дверь', 'правая', 44, 'внутрь', 'нормальный', '20dB', 'от 1000мм до 1500мм', 'от 2000мм до 2500мм', 'от 90кг');
INSERT INTO public.general_characteristics (id, creator, product_name, open_side, door_width, door_direction, door_box_type, sound_insulation, individual_width_range, individual_height_range, door_weight_min) VALUES (8, 'IKEA', 'Взрывная дверь', 'правая', 44, 'внутрь', 'нормальный', '20dB', 'от 1000мм до 1500мм', 'от 2000мм до 2500мм', 'от 90кг');
INSERT INTO public.general_characteristics (id, creator, product_name, open_side, door_width, door_direction, door_box_type, sound_insulation, individual_width_range, individual_height_range, door_weight_min) VALUES (9, 'IKEA', 'Взрывная дверь', 'правая', 44, 'внутрь', 'нормальный', '20dB', 'от 1000мм до 1500мм', 'от 2000мм до 2500мм', 'от 90кг');
INSERT INTO public.general_characteristics (id, creator, product_name, open_side, door_width, door_direction, door_box_type, sound_insulation, individual_width_range, individual_height_range, door_weight_min) VALUES (10, 'IKEA', 'Взрывная дверь', 'правая', 44, 'внутрь', 'нормальный', '20dB', 'от 1000мм до 1500мм', 'от 2000мм до 2500мм', 'от 90кг');
INSERT INTO public.general_characteristics (id, creator, product_name, open_side, door_width, door_direction, door_box_type, sound_insulation, individual_width_range, individual_height_range, door_weight_min) VALUES (11, 'IKEA', 'Взрывная дверь', 'правая', 44, 'внутрь', 'нормальный', '20dB', 'от 1000мм до 1500мм', 'от 2000мм до 2500мм', 'от 90кг');
INSERT INTO public.general_characteristics (id, creator, product_name, open_side, door_width, door_direction, door_box_type, sound_insulation, individual_width_range, individual_height_range, door_weight_min) VALUES (12, 'IKEA', 'Взрывная дверь', 'правая', 44, 'внутрь', 'нормальный', '20dB', 'от 1000мм до 1500мм', 'от 2000мм до 2500мм', 'от 90кг');
INSERT INTO public.general_characteristics (id, creator, product_name, open_side, door_width, door_direction, door_box_type, sound_insulation, individual_width_range, individual_height_range, door_weight_min) VALUES (13, 'IKEA', 'Взрывная дверь', 'правая', 44, 'внутрь', 'нормальный', '20dB', 'от 1000мм до 1500мм', 'от 2000мм до 2500мм', 'от 90кг');
INSERT INTO public.general_characteristics (id, creator, product_name, open_side, door_width, door_direction, door_box_type, sound_insulation, individual_width_range, individual_height_range, door_weight_min) VALUES (14, 'IKEA', 'Взрывная дверь', 'правая', 44, 'внутрь', 'нормальный', '20dB', 'от 1000мм до 1500мм', 'от 2000мм до 2500мм', 'от 90кг');

INSERT INTO public.insulation (id, filler_type, filler_thickness, filler_fire_class, filler_using_temperature, door_frame_insulation) VALUES (1, null, null, null, null, null);
INSERT INTO public.insulation (id, filler_type, filler_thickness, filler_fire_class, filler_using_temperature, door_frame_insulation) VALUES (2, null, null, null, null, null);
INSERT INTO public.insulation (id, filler_type, filler_thickness, filler_fire_class, filler_using_temperature, door_frame_insulation) VALUES (3, null, null, null, null, null);
INSERT INTO public.insulation (id, filler_type, filler_thickness, filler_fire_class, filler_using_temperature, door_frame_insulation) VALUES (4, null, null, null, null, null);
INSERT INTO public.insulation (id, filler_type, filler_thickness, filler_fire_class, filler_using_temperature, door_frame_insulation) VALUES (5, null, null, null, null, null);
INSERT INTO public.insulation (id, filler_type, filler_thickness, filler_fire_class, filler_using_temperature, door_frame_insulation) VALUES (6, null, null, null, null, null);
INSERT INTO public.insulation (id, filler_type, filler_thickness, filler_fire_class, filler_using_temperature, door_frame_insulation) VALUES (7, null, null, null, null, null);
INSERT INTO public.insulation (id, filler_type, filler_thickness, filler_fire_class, filler_using_temperature, door_frame_insulation) VALUES (8, null, null, null, null, null);
INSERT INTO public.insulation (id, filler_type, filler_thickness, filler_fire_class, filler_using_temperature, door_frame_insulation) VALUES (9, null, null, null, null, null);
INSERT INTO public.insulation (id, filler_type, filler_thickness, filler_fire_class, filler_using_temperature, door_frame_insulation) VALUES (10, null, null, null, null, null);
INSERT INTO public.insulation (id, filler_type, filler_thickness, filler_fire_class, filler_using_temperature, door_frame_insulation) VALUES (11, null, null, null, null, null);
INSERT INTO public.insulation (id, filler_type, filler_thickness, filler_fire_class, filler_using_temperature, door_frame_insulation) VALUES (12, null, null, null, null, null);
INSERT INTO public.insulation (id, filler_type, filler_thickness, filler_fire_class, filler_using_temperature, door_frame_insulation) VALUES (13, null, null, null, null, null);
INSERT INTO public.insulation (id, filler_type, filler_thickness, filler_fire_class, filler_using_temperature, door_frame_insulation) VALUES (14, null, null, null, null, null);

INSERT INTO public.product_table (id, name, description, image, price, filters, main_parameters_id, decoration_id, furniture_id, insulation_id, security_id, tightness_id, usability_id) VALUES (1, 'Взрывная дверь', 'простая и элегантная дверь для минималистичного дизайна помещения ', '{"mainImage": "https://sofiadoors-msk.ru/upload/iblock/606/6069b398e7b042c42b1e42055c746a6c.jpg", "sourceImage": ["https://sofiadoors-msk.ru/upload/iblock/606/6069b398e7b042c42b1e42055c746a6c.jpg", "https://sofiadoors-msk.ru/upload/iblock/606/6069b398e7b042c42b1e42055c746a6c.jpg", "https://sofiadoors-msk.ru/upload/iblock/606/6069b398e7b042c42b1e42055c746a6c.jpg"]}', '45001', '{"sale": 10, "filters": {"color": "Чёрный", "material": "Массив", "priceRange": "30000-50000", "specialParam": "С терморазрывом"}, "material": "скандинавский дуб"}', 1, 1, 1, 1, 1, 1, 1);
INSERT INTO public.product_table (id, name, description, image, price, filters, main_parameters_id, decoration_id, furniture_id, insulation_id, security_id, tightness_id, usability_id) VALUES (2, 'Взрывная дверь', 'простая и элегантная дверь для минималистичного дизайна помещения ', '{"mainImage": "https://sofiadoors-msk.ru/upload/iblock/606/6069b398e7b042c42b1e42055c746a6c.jpg", "sourceImage": ["https://sofiadoors-msk.ru/upload/iblock/606/6069b398e7b042c42b1e42055c746a6c.jpg", "https://sofiadoors-msk.ru/upload/iblock/606/6069b398e7b042c42b1e42055c746a6c.jpg", "https://sofiadoors-msk.ru/upload/iblock/606/6069b398e7b042c42b1e42055c746a6c.jpg"]}', '80000', '{"sale": 30, "filters": {"color": "Чёрный", "material": "Массив", "priceRange": "70000-90000", "specialParam": "С терморазрывом"}, "material": "скандинавский дуб"}', 2, 2, 2, 2, 2, 2, 2);
INSERT INTO public.product_table (id, name, description, image, price, filters, main_parameters_id, decoration_id, furniture_id, insulation_id, security_id, tightness_id, usability_id) VALUES (11, 'Взрывная дверь', 'простая и элегантная дверь для минималистичного дизайна помещения ', '{"mainImage": "https://sofiadoors-msk.ru/upload/iblock/606/6069b398e7b042c42b1e42055c746a6c.jpg", "sourceImage": ["https://sofiadoors-msk.ru/upload/iblock/606/6069b398e7b042c42b1e42055c746a6c.jpg", "https://sofiadoors-msk.ru/upload/iblock/606/6069b398e7b042c42b1e42055c746a6c.jpg", "https://sofiadoors-msk.ru/upload/iblock/606/6069b398e7b042c42b1e42055c746a6c.jpg"]}', '45011', '{"sale": 10, "filters": {"color": "Чёрный", "material": "Массив", "priceRange": "30000-50000", "specialParam": "С терморазрывом"}, "material": "скандинавский дуб"}', 11, 11, 11, 11, 11, 11, 11);
INSERT INTO public.product_table (id, name, description, image, price, filters, main_parameters_id, decoration_id, furniture_id, insulation_id, security_id, tightness_id, usability_id) VALUES (13, 'Взрывная дверь', 'простая и элегантная дверь для минималистичного дизайна помещения ', '{"mainImage": "https://sofiadoors-msk.ru/upload/iblock/606/6069b398e7b042c42b1e42055c746a6c.jpg", "sourceImage": ["https://sofiadoors-msk.ru/upload/iblock/606/6069b398e7b042c42b1e42055c746a6c.jpg", "https://sofiadoors-msk.ru/upload/iblock/606/6069b398e7b042c42b1e42055c746a6c.jpg", "https://sofiadoors-msk.ru/upload/iblock/606/6069b398e7b042c42b1e42055c746a6c.jpg"]}', '45013', '{"sale": 10, "filters": {"color": "Чёрный", "material": "Массив", "priceRange": "30000-50000", "specialParam": "С терморазрывом"}, "material": "скандинавский дуб"}', 13, 13, 13, 13, 13, 13, 13);
INSERT INTO public.product_table (id, name, description, image, price, filters, main_parameters_id, decoration_id, furniture_id, insulation_id, security_id, tightness_id, usability_id) VALUES (3, 'Взрывная дверь', 'простая и элегантная дверь для минималистичного дизайна помещения ', '{"mainImage": "https://img.freepik.com/free-photo/japanese-house-entrance_23-2149445332.jpg?w=740&t=st=1715268892~exp=1715269492~hmac=427e0fa9609fc538ab7db718fc3232f863ec6a15faab76a289f18ae1200c54d1", "sourceImage": ["https://img.freepik.com/free-photo/door-knob_1203-7153.jpg?t=st=1715268985~exp=1715272585~hmac=9719d189cca753f70634e53f199e99e9a9ee4e0c3965d5f0390a1b8ad6fe59c3&w=1380", "https://img.freepik.com/free-photo/japanese-house-entrance_23-2149445332.jpg?t=st=1715269014~exp=1715272614~hmac=302a2eb271b3fec0aca6e962da6873d09a33dbb07354bfdfcee767032ab5ed6d&w=740", "https://sofiadoors-msk.ru/upload/iblock/606/6069b398e7b042c42b1e42055c746a6c.jpg", "https://i.pinimg.com/originals/8d/5a/78/8d5a78d4d9e7744fab206cdac3dd7ba9.jpg"]}', '48929', '{"sale": 15, "filters": {"color": "Зелёный", "material": "Массив", "priceRange": "30000-50000", "specialParam": "С терморазрывом"}, "material": "скандинавский дуб"}', 3, 3, 3, 3, 3, 3, 3);
INSERT INTO public.product_table (id, name, description, image, price, filters, main_parameters_id, decoration_id, furniture_id, insulation_id, security_id, tightness_id, usability_id) VALUES (6, 'Взрывная дверь', 'простая и элегантная дверь для минималистичного дизайна помещения ', '{"mainImage": "https://sofiadoors-msk.ru/upload/iblock/606/6069b398e7b042c42b1e42055c746a6c.jpg", "sourceImage": ["https://sofiadoors-msk.ru/upload/iblock/606/6069b398e7b042c42b1e42055c746a6c.jpg", "https://sofiadoors-msk.ru/upload/iblock/606/6069b398e7b042c42b1e42055c746a6c.jpg", "https://sofiadoors-msk.ru/upload/iblock/606/6069b398e7b042c42b1e42055c746a6c.jpg"]}', '45006', '{"sale": 10, "filters": {"color": "Чёрный", "material": "Массив", "priceRange": "30000-50000", "specialParam": "С терморазрывом"}, "material": "скандинавский дуб"}', 6, 6, 6, 6, 6, 6, 6);
INSERT INTO public.product_table (id, name, description, image, price, filters, main_parameters_id, decoration_id, furniture_id, insulation_id, security_id, tightness_id, usability_id) VALUES (7, 'Взрывная дверь', 'простая и элегантная дверь для минималистичного дизайна помещения ', '{"mainImage": "https://sofiadoors-msk.ru/upload/iblock/606/6069b398e7b042c42b1e42055c746a6c.jpg", "sourceImage": ["https://sofiadoors-msk.ru/upload/iblock/606/6069b398e7b042c42b1e42055c746a6c.jpg", "https://sofiadoors-msk.ru/upload/iblock/606/6069b398e7b042c42b1e42055c746a6c.jpg", "https://sofiadoors-msk.ru/upload/iblock/606/6069b398e7b042c42b1e42055c746a6c.jpg"]}', '45007', '{"sale": 10, "filters": {"color": "Чёрный", "material": "Массив", "priceRange": "30000-50000", "specialParam": "С терморазрывом"}, "material": "скандинавский дуб"}', 7, 7, 7, 7, 7, 7, 7);
INSERT INTO public.product_table (id, name, description, image, price, filters, main_parameters_id, decoration_id, furniture_id, insulation_id, security_id, tightness_id, usability_id) VALUES (12, 'Взрывная дверь', 'простая и элегантная дверь для минималистичного дизайна помещения ', '{"mainImage": "https://sofiadoors-msk.ru/upload/iblock/606/6069b398e7b042c42b1e42055c746a6c.jpg", "sourceImage": ["https://sofiadoors-msk.ru/upload/iblock/606/6069b398e7b042c42b1e42055c746a6c.jpg", "https://sofiadoors-msk.ru/upload/iblock/606/6069b398e7b042c42b1e42055c746a6c.jpg", "https://sofiadoors-msk.ru/upload/iblock/606/6069b398e7b042c42b1e42055c746a6c.jpg"]}', '45012', '{"sale": 10, "filters": {"color": "Чёрный", "material": "Накладка из МДФ", "priceRange": "30000-50000", "specialParam": "Взломостойкие"}, "material": "скандинавский дуб"}', 12, 12, 12, 12, 12, 12, 12);
INSERT INTO public.product_table (id, name, description, image, price, filters, main_parameters_id, decoration_id, furniture_id, insulation_id, security_id, tightness_id, usability_id) VALUES (14, 'Взрывная дверь', 'простая и элегантная дверь для минималистичного дизайна помещения ', '{"mainImage": "https://sofiadoors-msk.ru/upload/iblock/606/6069b398e7b042c42b1e42055c746a6c.jpg", "sourceImage": ["https://sofiadoors-msk.ru/upload/iblock/606/6069b398e7b042c42b1e42055c746a6c.jpg", "https://sofiadoors-msk.ru/upload/iblock/606/6069b398e7b042c42b1e42055c746a6c.jpg", "https://sofiadoors-msk.ru/upload/iblock/606/6069b398e7b042c42b1e42055c746a6c.jpg"]}', '45014', '{"sale": 10, "filters": {"color": "Чёрный", "material": "Массив", "priceRange": "30000-50000", "specialParam": "Бронированные"}, "material": "скандинавский дуб"}', 14, 14, 14, 14, 14, 14, 14);
INSERT INTO public.product_table (id, name, description, image, price, filters, main_parameters_id, decoration_id, furniture_id, insulation_id, security_id, tightness_id, usability_id) VALUES (5, 'Взрывная дверь', 'простая и элегантная дверь для минималистичного дизайна помещения ', '{"mainImage": "https://sofiadoors-msk.ru/upload/iblock/606/6069b398e7b042c42b1e42055c746a6c.jpg", "sourceImage": ["https://sofiadoors-msk.ru/upload/iblock/606/6069b398e7b042c42b1e42055c746a6c.jpg", "https://sofiadoors-msk.ru/upload/iblock/606/6069b398e7b042c42b1e42055c746a6c.jpg", "https://sofiadoors-msk.ru/upload/iblock/606/6069b398e7b042c42b1e42055c746a6c.jpg"]}', '280060', '{"sale": 93, "filters": {"color": "Чёрный", "material": "Массив", "priceRange": "130000-Infinity", "specialParam": "С терморазрывом"}, "material": "скандинавский дуб"}', 5, 5, 5, 5, 5, 5, 5);
INSERT INTO public.product_table (id, name, description, image, price, filters, main_parameters_id, decoration_id, furniture_id, insulation_id, security_id, tightness_id, usability_id) VALUES (10, 'Взрывная дверь', 'простая и элегантная дверь для минималистичного дизайна помещения ', '{"mainImage": "https://sofiadoors-msk.ru/upload/iblock/606/6069b398e7b042c42b1e42055c746a6c.jpg", "sourceImage": ["https://sofiadoors-msk.ru/upload/iblock/606/6069b398e7b042c42b1e42055c746a6c.jpg", "https://sofiadoors-msk.ru/upload/iblock/606/6069b398e7b042c42b1e42055c746a6c.jpg", "https://sofiadoors-msk.ru/upload/iblock/606/6069b398e7b042c42b1e42055c746a6c.jpg"]}', '45010', '{"sale": 10, "filters": {"color": "Чёрный", "material": "Массив", "priceRange": "30000-50000", "specialParam": "С терморазрывом"}, "material": "скандинавский дуб"}', 10, 10, 10, 10, 10, 10, 10);
INSERT INTO public.product_table (id, name, description, image, price, filters, main_parameters_id, decoration_id, furniture_id, insulation_id, security_id, tightness_id, usability_id) VALUES (9, 'Взрывная дверь', 'простая и элегантная дверь для минималистичного дизайна помещения ', '{"mainImage": "https://sofiadoors-msk.ru/upload/iblock/606/6069b398e7b042c42b1e42055c746a6c.jpg", "sourceImage": ["https://sofiadoors-msk.ru/upload/iblock/606/6069b398e7b042c42b1e42055c746a6c.jpg", "https://sofiadoors-msk.ru/upload/iblock/606/6069b398e7b042c42b1e42055c746a6c.jpg", "https://sofiadoors-msk.ru/upload/iblock/606/6069b398e7b042c42b1e42055c746a6c.jpg"]}', '45009', '{"sale": 10, "filters": {"color": "Чёрный", "material": "Массив", "priceRange": "30000-50000", "specialParam": "С терморазрывом"}, "material": "скандинавский дуб"}', 9, 9, 9, 9, 9, 9, 9);
INSERT INTO public.product_table (id, name, description, image, price, filters, main_parameters_id, decoration_id, furniture_id, insulation_id, security_id, tightness_id, usability_id) VALUES (8, 'Взрывная дверь', 'простая и элегантная дверь для минималистичного дизайна помещения ', '{"mainImage": "https://sofiadoors-msk.ru/upload/iblock/606/6069b398e7b042c42b1e42055c746a6c.jpg", "sourceImage": ["https://sofiadoors-msk.ru/upload/iblock/606/6069b398e7b042c42b1e42055c746a6c.jpg", "https://sofiadoors-msk.ru/upload/iblock/606/6069b398e7b042c42b1e42055c746a6c.jpg", "https://sofiadoors-msk.ru/upload/iblock/606/6069b398e7b042c42b1e42055c746a6c.jpg"]}', '45008', '{"sale": 10, "filters": {"color": "Чёрный", "material": "Массив", "priceRange": "30000-50000", "specialParam": "С терморазрывом"}, "material": "скандинавский дуб"}', 8, 8, 8, 8, 8, 8, 8);
INSERT INTO public.product_table (id, name, description, image, price, filters, main_parameters_id, decoration_id, furniture_id, insulation_id, security_id, tightness_id, usability_id) VALUES (4, 'Взрывная дверь', 'простая и элегантная дверь для минималистичного дизайна помещения ', '{"mainImage": "https://sofiadoors-msk.ru/upload/iblock/606/6069b398e7b042c42b1e42055c746a6c.jpg", "sourceImage": ["https://sofiadoors-msk.ru/upload/iblock/606/6069b398e7b042c42b1e42055c746a6c.jpg", "https://sofiadoors-msk.ru/upload/iblock/606/6069b398e7b042c42b1e42055c746a6c.jpg", "https://sofiadoors-msk.ru/upload/iblock/606/6069b398e7b042c42b1e42055c746a6c.jpg"]}', '45004', '{"filters": {"color": "Чёрный", "material": "Массив", "priceRange": "30000-50000", "specialParam": "С терморазрывом"}, "material": "скандинавский дуб"}', 4, 4, 4, 4, 4, 4, 4);

INSERT INTO public.security (id, metal_sheet_count, metal_sheet_thickness, stiffness_rib_count, static_locks_count, locks_count, locks_mark, locks_class, armor_lining, armor_package, night_crossbar) VALUES (1, 3, '2мм', 5, 3, 2, 'Iron Man', 'A', null, null, true);
INSERT INTO public.security (id, metal_sheet_count, metal_sheet_thickness, stiffness_rib_count, static_locks_count, locks_count, locks_mark, locks_class, armor_lining, armor_package, night_crossbar) VALUES (2, 3, '2мм', 5, 3, 2, 'Iron Man', 'A', null, null, true);
INSERT INTO public.security (id, metal_sheet_count, metal_sheet_thickness, stiffness_rib_count, static_locks_count, locks_count, locks_mark, locks_class, armor_lining, armor_package, night_crossbar) VALUES (3, 3, '2мм', 5, 3, 2, 'Iron Man', 'A', null, null, true);
INSERT INTO public.security (id, metal_sheet_count, metal_sheet_thickness, stiffness_rib_count, static_locks_count, locks_count, locks_mark, locks_class, armor_lining, armor_package, night_crossbar) VALUES (4, 3, '2мм', 5, 3, 2, 'Iron Man', 'A', null, null, true);
INSERT INTO public.security (id, metal_sheet_count, metal_sheet_thickness, stiffness_rib_count, static_locks_count, locks_count, locks_mark, locks_class, armor_lining, armor_package, night_crossbar) VALUES (5, 3, '2мм', 5, 3, 2, 'Iron Man', 'A', null, null, true);
INSERT INTO public.security (id, metal_sheet_count, metal_sheet_thickness, stiffness_rib_count, static_locks_count, locks_count, locks_mark, locks_class, armor_lining, armor_package, night_crossbar) VALUES (6, 3, '2мм', 5, 3, 2, 'Iron Man', 'A', null, null, true);
INSERT INTO public.security (id, metal_sheet_count, metal_sheet_thickness, stiffness_rib_count, static_locks_count, locks_count, locks_mark, locks_class, armor_lining, armor_package, night_crossbar) VALUES (7, 3, '2мм', 5, 3, 2, 'Iron Man', 'A', null, null, true);
INSERT INTO public.security (id, metal_sheet_count, metal_sheet_thickness, stiffness_rib_count, static_locks_count, locks_count, locks_mark, locks_class, armor_lining, armor_package, night_crossbar) VALUES (8, 3, '2мм', 5, 3, 2, 'Iron Man', 'A', null, null, true);
INSERT INTO public.security (id, metal_sheet_count, metal_sheet_thickness, stiffness_rib_count, static_locks_count, locks_count, locks_mark, locks_class, armor_lining, armor_package, night_crossbar) VALUES (9, 3, '2мм', 5, 3, 2, 'Iron Man', 'A', null, null, true);
INSERT INTO public.security (id, metal_sheet_count, metal_sheet_thickness, stiffness_rib_count, static_locks_count, locks_count, locks_mark, locks_class, armor_lining, armor_package, night_crossbar) VALUES (10, 3, '2мм', 5, 3, 2, 'Iron Man', 'A', null, null, true);
INSERT INTO public.security (id, metal_sheet_count, metal_sheet_thickness, stiffness_rib_count, static_locks_count, locks_count, locks_mark, locks_class, armor_lining, armor_package, night_crossbar) VALUES (11, 3, '2мм', 5, 3, 2, 'Iron Man', 'A', null, null, true);
INSERT INTO public.security (id, metal_sheet_count, metal_sheet_thickness, stiffness_rib_count, static_locks_count, locks_count, locks_mark, locks_class, armor_lining, armor_package, night_crossbar) VALUES (12, 3, '2мм', 5, 3, 2, 'Iron Man', 'A', null, null, true);
INSERT INTO public.security (id, metal_sheet_count, metal_sheet_thickness, stiffness_rib_count, static_locks_count, locks_count, locks_mark, locks_class, armor_lining, armor_package, night_crossbar) VALUES (13, 3, '2мм', 5, 3, 2, 'Iron Man', 'A', null, null, true);
INSERT INTO public.security (id, metal_sheet_count, metal_sheet_thickness, stiffness_rib_count, static_locks_count, locks_count, locks_mark, locks_class, armor_lining, armor_package, night_crossbar) VALUES (14, 3, '2мм', 5, 3, 2, 'Iron Man', 'A', null, null, true);

INSERT INTO public.tightness (id, seal_count, seal_material) VALUES (1, 1, 'силикон');
INSERT INTO public.tightness (id, seal_count, seal_material) VALUES (2, 1, 'силикон');
INSERT INTO public.tightness (id, seal_count, seal_material) VALUES (3, 1, 'силикон');
INSERT INTO public.tightness (id, seal_count, seal_material) VALUES (4, 1, 'силикон');
INSERT INTO public.tightness (id, seal_count, seal_material) VALUES (5, 1, 'силикон');
INSERT INTO public.tightness (id, seal_count, seal_material) VALUES (6, 1, 'силикон');
INSERT INTO public.tightness (id, seal_count, seal_material) VALUES (7, 1, 'силикон');
INSERT INTO public.tightness (id, seal_count, seal_material) VALUES (8, 1, 'силикон');
INSERT INTO public.tightness (id, seal_count, seal_material) VALUES (9, 1, 'силикон');
INSERT INTO public.tightness (id, seal_count, seal_material) VALUES (10, 1, 'силикон');
INSERT INTO public.tightness (id, seal_count, seal_material) VALUES (11, 1, 'силикон');
INSERT INTO public.tightness (id, seal_count, seal_material) VALUES (12, 1, 'силикон');
INSERT INTO public.tightness (id, seal_count, seal_material) VALUES (13, 1, 'силикон');
INSERT INTO public.tightness (id, seal_count, seal_material) VALUES (14, 1, 'силикон');

INSERT INTO public.usability (id, hinge_type, hinge_count, opening_angle, eye_height, eye_vision_angle, removable_panel_angles, electronic_lock, functional_lock, lock_regulation, invisible_lock, night_latch) VALUES (1, 'накладные', 2, '120 градусов', '165см', '90 градусов', null, null, null, null, null, null);
INSERT INTO public.usability (id, hinge_type, hinge_count, opening_angle, eye_height, eye_vision_angle, removable_panel_angles, electronic_lock, functional_lock, lock_regulation, invisible_lock, night_latch) VALUES (2, 'накладные', 2, '120 градусов', '165см', '90 градусов', null, null, null, null, null, null);
INSERT INTO public.usability (id, hinge_type, hinge_count, opening_angle, eye_height, eye_vision_angle, removable_panel_angles, electronic_lock, functional_lock, lock_regulation, invisible_lock, night_latch) VALUES (3, 'накладные', 2, '120 градусов', '165см', '90 градусов', null, null, null, null, null, null);
INSERT INTO public.usability (id, hinge_type, hinge_count, opening_angle, eye_height, eye_vision_angle, removable_panel_angles, electronic_lock, functional_lock, lock_regulation, invisible_lock, night_latch) VALUES (4, 'накладные', 2, '120 градусов', '165см', '90 градусов', null, null, null, null, null, null);
INSERT INTO public.usability (id, hinge_type, hinge_count, opening_angle, eye_height, eye_vision_angle, removable_panel_angles, electronic_lock, functional_lock, lock_regulation, invisible_lock, night_latch) VALUES (5, 'накладные', 2, '120 градусов', '165см', '90 градусов', null, null, null, null, null, null);
INSERT INTO public.usability (id, hinge_type, hinge_count, opening_angle, eye_height, eye_vision_angle, removable_panel_angles, electronic_lock, functional_lock, lock_regulation, invisible_lock, night_latch) VALUES (6, 'накладные', 2, '120 градусов', '165см', '90 градусов', null, null, null, null, null, null);
INSERT INTO public.usability (id, hinge_type, hinge_count, opening_angle, eye_height, eye_vision_angle, removable_panel_angles, electronic_lock, functional_lock, lock_regulation, invisible_lock, night_latch) VALUES (7, 'накладные', 2, '120 градусов', '165см', '90 градусов', null, null, null, null, null, null);
INSERT INTO public.usability (id, hinge_type, hinge_count, opening_angle, eye_height, eye_vision_angle, removable_panel_angles, electronic_lock, functional_lock, lock_regulation, invisible_lock, night_latch) VALUES (8, 'накладные', 2, '120 градусов', '165см', '90 градусов', null, null, null, null, null, null);
INSERT INTO public.usability (id, hinge_type, hinge_count, opening_angle, eye_height, eye_vision_angle, removable_panel_angles, electronic_lock, functional_lock, lock_regulation, invisible_lock, night_latch) VALUES (9, 'накладные', 2, '120 градусов', '165см', '90 градусов', null, null, null, null, null, null);
INSERT INTO public.usability (id, hinge_type, hinge_count, opening_angle, eye_height, eye_vision_angle, removable_panel_angles, electronic_lock, functional_lock, lock_regulation, invisible_lock, night_latch) VALUES (10, 'накладные', 2, '120 градусов', '165см', '90 градусов', null, null, null, null, null, null);
INSERT INTO public.usability (id, hinge_type, hinge_count, opening_angle, eye_height, eye_vision_angle, removable_panel_angles, electronic_lock, functional_lock, lock_regulation, invisible_lock, night_latch) VALUES (11, 'накладные', 2, '120 градусов', '165см', '90 градусов', null, null, null, null, null, null);
INSERT INTO public.usability (id, hinge_type, hinge_count, opening_angle, eye_height, eye_vision_angle, removable_panel_angles, electronic_lock, functional_lock, lock_regulation, invisible_lock, night_latch) VALUES (12, 'накладные', 2, '120 градусов', '165см', '90 градусов', null, null, null, null, null, null);
INSERT INTO public.usability (id, hinge_type, hinge_count, opening_angle, eye_height, eye_vision_angle, removable_panel_angles, electronic_lock, functional_lock, lock_regulation, invisible_lock, night_latch) VALUES (13, 'накладные', 2, '120 градусов', '165см', '90 градусов', null, null, null, null, null, null);
INSERT INTO public.usability (id, hinge_type, hinge_count, opening_angle, eye_height, eye_vision_angle, removable_panel_angles, electronic_lock, functional_lock, lock_regulation, invisible_lock, night_latch) VALUES (14, 'накладные', 2, '120 градусов', '165см', '90 градусов', null, null, null, null, null, null);
